<?xml version="1.0" encoding="UTF-8"?>
<beans xmlns = "http://www.springframework.org/schema/beans"
   xmlns:xsi = "http://www.w3.org/2001/XMLSchema-instance" 
   xmlns:p="http://www.springframework.org/schema/p"
   xmlns:tx="http://www.springframework.org/schema/tx"
   xsi:schemaLocation = "http://www.springframework.org/schema/beans
   http://www.springframework.org/schema/beans/spring-beans.xsd
   http://www.springframework.org/schema/tx
   http://www.springframework.org/schema/tx/spring-tx.xsd ">
   <tx:annotation-driven/>
   <bean id="dataSource" 
      class = "org.springframework.jdbc.datasource.DriverManagerDataSource">
      <property name = "driverClassName" value = "com.mysql.cj.jdbc.Driver"/>
      <property name = "url" value = "jdbc:mysql://localhost:3306/lib"/>
      <property name = "username" value = "root"/>
      <property name = "password" value = "root"/>
   </bean>
   <!-- Session factory bean -->
   <bean id="sessionFactoryBean"
    class="org.springframework.orm.hibernate5.LocalSessionFactoryBean">
    <property name="dataSource" ref="dataSource" />
    <property name="hibernateProperties" >
    <props>
     <prop key="hibernate.dialect">org.hibernate.dialect.MySQL8Dialect</prop>
	 <prop key="hibernate.hbm2ddl.auto">update</prop>
	 <prop key="hibernate.show_sql">true</prop>
	 <prop key="hibernate.format_sql">true</prop>
    </props>	
    </property>
    <property name ="annotatedClasses">
    <list>
    	<value>com.java.Lib.lib.entity.Book</value>
    	<value>com.java.Lib.lib.entity.Library</value>
    </list>
    
    </property>
</bean>
<!-- Template  bean -->
   <bean id="template" class="org.springframework.orm.hibernate5.HibernateTemplate">
    <property name ="sessionFactory" ref = "sessionFactoryBean"/>
    </bean>
    <!-- ProductDao bean -->
    <bean id="bookdao" class="com.java.Lib.lib.daoImpl.BookDaoImpl">
    <property name ="ht" ref = "template"/>
    </bean>
   <bean id="librarydao" class="com.java.Lib.lib.daoImpl.LibraryDaoImpl">
    <property name ="ht" ref = "template"/>
    </bean>
     <bean name="transactionManager"
    class="org.springframework.orm.hibernate5.HibernateTransactionManager">
    <property name="sessionFactory" ref="sessionFactoryBean" />
</bean>
 </beans>